{
  "version": 1,
  "author": "Ana Luisa Sanchez",
  "editor": "wokwi",
  "parts": [
    { "type": "wokwi-breadboard-half", "id": "bb1", "top": 6.6, "left": 108.4, "attrs": {} },
    { "type": "board-esp32-devkit-c-v4", "id": "esp", "top": 9.6, "left": -4.76, "attrs": {} },
    {
      "type": "wokwi-led",
      "id": "led1",
      "top": 155.2,
      "left": 205.8,
      "rotate": 180,
      "attrs": { "color": "green" }
    },
    {
      "type": "wokwi-resistor",
      "id": "r1",
      "top": 109,
      "left": 200.75,
      "rotate": 270,
      "attrs": { "value": "220" }
    }
  ],
  "connections": [
    [ "esp:TX", "$serialMonitor:RX", "", [] ],
    [ "esp:RX", "$serialMonitor:TX", "", [] ],
    [ "esp:GND.2", "bb1:11t.a", "black", [ "h134.4", "v19.2" ] ],
    [ "r1:1", "bb1:11b.h", "", [ "$bb" ] ],
    [ "r1:2", "bb1:11t.d", "", [ "$bb" ] ],
    [ "esp:15", "bb1:10b.h", "red", [ "h19.2", "v-38.4" ] ],
    [ "led1:A", "bb1:10b.j", "", [ "$bb" ] ],
    [ "led1:C", "bb1:11b.j", "", [ "$bb" ] ]
  ],
  "dependencies": {}
}